[{
  "_id": {
    "$oid": "68471a8cf4edaac75f735f27"
  },
  "course_id": "C001",
  "title": "Big Data Processing with Spark",
  "description": "This course introduces you to web development using HTML, CSS, and JavaScript.",
  "instructor_id": "U030",
  "category": "AI",
  "level": "beginner",
  "duration": 47,
  "price": 10000,
  "tags": [
    "project-based",
    "quiz-included",
    "beginner-friendly"
  ],
  "created_at": {
    "$date": "2025-02-13T12:25:00.000Z"
  },
  "updated_at": {
    "$date": "2025-06-09T18:31:56.900Z"
  },
  "is_published": true
},
{
  "_id": {
    "$oid": "68471a8cf4edaac75f735f28"
  },
  "course_id": "C002",
  "title": "Data Visualization with Seaborn",
  "description": "Understand core machine learning concepts with hands-on Python projects.",
  "instructor_id": "U002",
  "category": "DevOps",
  "level": "intermediate",
  "duration": 60,
  "price": 0,
  "tags": [
    "lifetime-access",
    "beginner-friendly",
    "downloadable-resources"
  ],
  "created_at": {
    "$date": "2024-12-17T19:05:32.000Z"
  },
  "updated_at": {
    "$date": "2025-06-09T18:31:56.900Z"
  },
  "is_published": true
},
{
  "_id": {
    "$oid": "68471a8cf4edaac75f735f29"
  },
  "course_id": "C003",
  "title": "Python for Beginners",
  "description": "Gain experience in big data technologies like Spark and Hadoop.",
  "instructor_id": "U018",
  "category": "Web Development",
  "level": "beginner",
  "duration": 52,
  "price": 0,
  "tags": [
    "certification",
    "interview-prep",
    "downloadable-resources"
  ],
  "created_at": {
    "$date": "2025-05-04T23:16:03.000Z"
  },
  "updated_at": {
    "$date": "2025-06-09T18:31:56.900Z"
  },
  "is_published": false
},
{
  "_id": {
    "$oid": "68471a8cf4edaac75f735f2a"
  },
  "course_id": "C004",
  "title": "Building REST APIs with FastAPI",
  "description": "Explore modern DevOps workflows, CI/CD pipelines, and monitoring strategies.",
  "instructor_id": "U022",
  "category": "DevOps",
  "level": "beginner",
  "duration": 47,
  "price": 5000,
  "tags": [
    "real-world",
    "interview-prep",
    "lifetime-access"
  ],
  "created_at": {
    "$date": "2025-03-31T16:37:32.000Z"
  },
  "updated_at": {
    "$date": "2025-06-09T18:31:56.900Z"
  },
  "is_published": true
},
{
  "_id": {
    "$oid": "68471a8cf4edaac75f735f2b"
  },
  "course_id": "C005",
  "title": "Data Engineering with Python",
  "description": "Master cloud infrastructure and deployment using AWS, Docker, and Kubernetes.",
  "instructor_id": "U038",
  "category": "Data Engineering",
  "level": "advanced",
  "duration": 53,
  "price": 20000,
  "tags": [
    "hands-on",
    "quiz-included",
    "lifetime-access"
  ],
  "created_at": {
    "$date": "2025-03-24T13:32:17.000Z"
  },
  "updated_at": {
    "$date": "2025-06-09T18:31:56.900Z"
  },
  "is_published": true
},
{
  "_id": {
    "$oid": "68471a8cf4edaac75f735f2c"
  },
  "course_id": "C006",
  "title": "Python for Beginners",
  "description": "Explore modern DevOps workflows, CI/CD pipelines, and monitoring strategies.",
  "instructor_id": "U032",
  "category": "Web Development",
  "level": "advanced",
  "duration": 50,
  "price": 3000,
  "tags": [
    "interactive",
    "lifetime-access",
    "career-ready"
  ],
  "created_at": {
    "$date": "2025-01-30T20:12:04.000Z"
  },
  "updated_at": {
    "$date": "2025-06-09T18:31:56.900Z"
  },
  "is_published": true
},
{
  "_id": {
    "$oid": "68471a8cf4edaac75f735f2d"
  },
  "course_id": "C007",
  "title": "Deep Learning with TensorFlow",
  "description": "Develop a strong foundation in data engineering with real-world ETL scenarios.",
  "instructor_id": "U020",
  "category": "Web Development",
  "level": "advanced",
  "duration": 33,
  "price": 10000,
  "tags": [
    "real-world",
    "community-support",
    "downloadable-resources"
  ],
  "created_at": {
    "$date": "2025-02-20T20:27:45.000Z"
  },
  "updated_at": {
    "$date": "2025-06-09T18:31:56.900Z"
  },
  "is_published": true,
  "email": "updated.email@example.com",
  "name": "Updated Name"
},
{
  "_id": {
    "$oid": "68471a8cf4edaac75f735f2e"
  },
  "course_id": "C008",
  "title": "Kubernetes for Developers",
  "description": "Learn to build REST APIs and microservices with Flask and Django.",
  "instructor_id": "U023",
  "category": "AI",
  "level": "advanced",
  "duration": 20,
  "price": 3000,
  "tags": [
    "interactive",
    "assignment-driven",
    "project-based"
  ],
  "created_at": {
    "$date": "2025-04-25T22:12:24.000Z"
  },
  "updated_at": {
    "$date": "2025-06-09T18:31:56.900Z"
  },
  "is_published": true
},
{
  "_id": {
    "$oid": "68471a8cf4edaac75f735f2f"
  },
  "course_id": "C009",
  "title": "Kubernetes for Developers",
  "description": "Learn to build REST APIs and microservices with Flask and Django.",
  "instructor_id": "U030",
  "category": "Data Engineering",
  "level": "advanced",
  "duration": 55,
  "price": 20000,
  "tags": [
    "lifetime-access",
    "assignment-driven",
    "video-tutorials"
  ],
  "created_at": {
    "$date": "2025-01-09T20:40:32.000Z"
  },
  "updated_at": {
    "$date": "2025-06-09T18:31:56.900Z"
  },
  "is_published": true
},
{
  "_id": {
    "$oid": "68471a8cf4edaac75f735f30"
  },
  "course_id": "C010",
  "title": "Computer Vision with OpenCV",
  "description": "Prepare for a career in AI with deep learning and neural network fundamentals.",
  "instructor_id": "U001",
  "category": "Cloud Computing",
  "level": "intermediate",
  "duration": 46,
  "price": 10000,
  "tags": [
    "community-support",
    "career-ready",
    "beginner-friendly"
  ],
  "created_at": {
    "$date": "2025-02-27T08:37:14.000Z"
  },
  "updated_at": {
    "$date": "2025-06-09T18:31:56.900Z"
  },
  "is_published": true
},
{
  "_id": {
    "$oid": "68471a8cf4edaac75f735f31"
  },
  "course_id": "C011",
  "title": "Deep Learning with TensorFlow",
  "description": "Learn how to build scalable data pipelines using modern tools and best practices.",
  "instructor_id": "U016",
  "category": "Cloud Computing",
  "level": "intermediate",
  "duration": 58,
  "price": 20000,
  "tags": [
    "real-world",
    "hands-on",
    "career-ready"
  ],
  "created_at": {
    "$date": "2025-05-20T21:49:32.000Z"
  },
  "updated_at": {
    "$date": "2025-06-09T18:31:56.900Z"
  },
  "is_published": false
},
{
  "_id": {
    "$oid": "68471a8cf4edaac75f735f32"
  },
  "course_id": "C012",
  "title": "Deep Learning with TensorFlow",
  "description": "This course introduces you to web development using HTML, CSS, and JavaScript.",
  "instructor_id": "U015",
  "category": "DevOps",
  "level": "beginner",
  "duration": 34,
  "price": 5000,
  "tags": [
    "quiz-included",
    "assignment-driven",
    "hands-on"
  ],
  "created_at": {
    "$date": "2025-03-10T04:08:57.000Z"
  },
  "updated_at": {
    "$date": "2025-06-09T18:31:56.900Z"
  },
  "is_published": true,
  "grade": 85
},
{
  "_id": {
    "$oid": "68471a8cf4edaac75f735f33"
  },
  "course_id": "C013",
  "title": "Computer Vision with OpenCV",
  "description": "Learn to build REST APIs and microservices with Flask and Django.",
  "instructor_id": "U039",
  "category": "Cloud Computing",
  "level": "advanced",
  "duration": 5,
  "price": 20000,
  "tags": [
    "certification",
    "beginner-friendly",
    "real-world",
    "mongodb",
    "backend",
    "nosql"
  ],
  "created_at": {
    "$date": "2025-02-25T09:55:58.000Z"
  },
  "updated_at": {
    "$date": "2025-06-09T18:31:56.900Z"
  },
  "is_published": false
},
{
  "_id": {
    "$oid": "68471a8cf4edaac75f735f34"
  },
  "course_id": "C014",
  "title": "Data Engineering with Python",
  "description": "Master cloud infrastructure and deployment using AWS, Docker, and Kubernetes.",
  "instructor_id": "U018",
  "category": "Web Development",
  "level": "beginner",
  "duration": 58,
  "price": 5000,
  "tags": [
    "project-based",
    "beginner-friendly",
    "quiz-included"
  ],
  "created_at": {
    "$date": "2025-06-07T17:44:31.000Z"
  },
  "updated_at": {
    "$date": "2025-06-09T18:31:56.900Z"
  },
  "is_published": true
},
{
  "_id": {
    "$oid": "68471a8cf4edaac75f735f35"
  },
  "course_id": "C015",
  "title": "Kubernetes for Developers",
  "description": "Understand core machine learning concepts with hands-on Python projects.",
  "instructor_id": "U013",
  "category": "AI",
  "level": "intermediate",
  "duration": 55,
  "price": 0,
  "tags": [
    "project-based",
    "interactive",
    "beginner-friendly"
  ],
  "created_at": {
    "$date": "2025-04-11T22:00:05.000Z"
  },
  "updated_at": {
    "$date": "2025-06-09T18:31:56.900Z"
  },
  "is_published": false
},
{
  "_id": {
    "$oid": "68471a8cf4edaac75f735f36"
  },
  "course_id": "C016",
  "title": "AWS Cloud Fundamentals",
  "description": "Prepare for a career in AI with deep learning and neural network fundamentals.",
  "instructor_id": "U039",
  "category": "Web Development",
  "level": "beginner",
  "duration": 39,
  "price": 5000,
  "tags": [
    "downloadable-resources",
    "career-ready",
    "assignment-driven"
  ],
  "created_at": {
    "$date": "2024-12-22T04:05:03.000Z"
  },
  "updated_at": {
    "$date": "2025-06-09T18:31:56.900Z"
  },
  "is_published": true
},
{
  "_id": {
    "$oid": "68471a8cf4edaac75f735f37"
  },
  "course_id": "C017",
  "title": "AWS Cloud Fundamentals",
  "description": "This course introduces you to web development using HTML, CSS, and JavaScript.",
  "instructor_id": "U014",
  "category": "Web Development",
  "level": "intermediate",
  "duration": 54,
  "price": 0,
  "tags": [
    "hands-on",
    "beginner-friendly",
    "project-based"
  ],
  "created_at": {
    "$date": "2024-12-12T15:08:16.000Z"
  },
  "updated_at": {
    "$date": "2025-06-09T18:31:56.900Z"
  },
  "is_published": true
},
{
  "_id": {
    "$oid": "68471a8cf4edaac75f735f38"
  },
  "course_id": "C018",
  "title": "Kubernetes for Developers",
  "description": "Get started with databases and SQL for data analysis and backend development.",
  "instructor_id": "U001",
  "category": "Data Engineering",
  "level": "intermediate",
  "duration": 43,
  "price": 10000,
  "tags": [
    "lifetime-access",
    "interactive",
    "beginner-friendly"
  ],
  "created_at": {
    "$date": "2025-01-24T04:58:06.000Z"
  },
  "updated_at": {
    "$date": "2025-06-09T18:31:56.900Z"
  },
  "is_published": true
},
{
  "_id": {
    "$oid": "68471a8cf4edaac75f735f39"
  },
  "course_id": "C019",
  "title": "Data Engineering with Python",
  "description": "Prepare for a career in AI with deep learning and neural network fundamentals.",
  "instructor_id": "U016",
  "category": "DevOps",
  "level": "advanced",
  "duration": 21,
  "price": 0,
  "tags": [
    "project-based",
    "downloadable-resources",
    "mentor-supported"
  ],
  "created_at": {
    "$date": "2025-05-22T09:24:33.000Z"
  },
  "updated_at": {
    "$date": "2025-06-09T18:31:56.900Z"
  },
  "is_published": false
},
{
  "_id": {
    "$oid": "68471a8cf4edaac75f735f3a"
  },
  "course_id": "C020",
  "title": "Kubernetes for Developers",
  "description": "Learn to build REST APIs and microservices with Flask and Django.",
  "instructor_id": "U015",
  "category": "Data Engineering",
  "level": "beginner",
  "duration": 33,
  "price": 20000,
  "tags": [
    "career-ready",
    "downloadable-resources",
    "quiz-included"
  ],
  "created_at": {
    "$date": "2025-03-28T01:03:36.000Z"
  },
  "updated_at": {
    "$date": "2025-06-09T18:31:56.901Z"
  },
  "is_published": true
},
{
  "_id": {
    "$oid": "68471a8cf4edaac75f735f3b"
  },
  "course_id": "C021",
  "title": "Big Data Processing with Spark",
  "description": "Prepare for a career in AI with deep learning and neural network fundamentals.",
  "instructor_id": "U011",
  "category": "Data Engineering",
  "level": "intermediate",
  "duration": 44,
  "price": 5000,
  "tags": [
    "interview-prep",
    "career-ready",
    "downloadable-resources"
  ],
  "created_at": {
    "$date": "2025-04-26T18:45:30.000Z"
  },
  "updated_at": {
    "$date": "2025-06-09T18:31:56.901Z"
  },
  "is_published": false
},
{
  "_id": {
    "$oid": "68471a8cf4edaac75f735f3c"
  },
  "course_id": "C022",
  "title": "Big Data Processing with Spark",
  "description": "Understand core machine learning concepts with hands-on Python projects.",
  "instructor_id": "U025",
  "category": "Data Engineering",
  "level": "advanced",
  "duration": 11,
  "price": 10000,
  "tags": [
    "assignment-driven",
    "downloadable-resources",
    "project-based"
  ],
  "created_at": {
    "$date": "2025-01-15T09:15:28.000Z"
  },
  "updated_at": {
    "$date": "2025-06-09T18:31:56.901Z"
  },
  "is_published": true
},
{
  "_id": {
    "$oid": "68471a8cf4edaac75f735f3d"
  },
  "course_id": "C023",
  "title": "Building REST APIs with FastAPI",
  "description": "Gain experience in big data technologies like Spark and Hadoop.",
  "instructor_id": "U021",
  "category": "Web Development",
  "level": "intermediate",
  "duration": 42,
  "price": 20000,
  "tags": [
    "interactive",
    "community-support",
    "video-tutorials"
  ],
  "created_at": {
    "$date": "2025-03-14T01:08:04.000Z"
  },
  "updated_at": {
    "$date": "2025-06-09T18:31:56.901Z"
  },
  "is_published": false
},
{
  "_id": {
    "$oid": "68471a8cf4edaac75f735f3e"
  },
  "course_id": "C024",
  "title": "Data Engineering with Python",
  "description": "Learn how to build scalable data pipelines using modern tools and best practices.",
  "instructor_id": "U026",
  "category": "Web Development",
  "level": "advanced",
  "duration": 29,
  "price": 20000,
  "tags": [
    "certification",
    "assignment-driven",
    "downloadable-resources"
  ],
  "created_at": {
    "$date": "2025-03-23T10:26:00.000Z"
  },
  "updated_at": {
    "$date": "2025-06-09T18:31:56.901Z"
  },
  "is_published": false
},
{
  "_id": {
    "$oid": "68471a8cf4edaac75f735f3f"
  },
  "course_id": "C025",
  "title": "Unit Testing in Python",
  "description": "Develop a strong foundation in data engineering with real-world ETL scenarios.",
  "instructor_id": "U022",
  "category": "Cloud Computing",
  "level": "intermediate",
  "duration": 27,
  "price": 20000,
  "tags": [
    "hands-on",
    "interview-prep",
    "downloadable-resources"
  ],
  "created_at": {
    "$date": "2024-12-18T06:00:48.000Z"
  },
  "updated_at": {
    "$date": "2025-06-09T18:31:56.901Z"
  },
  "is_published": true
},
{
  "_id": {
    "$oid": "68471a8cf4edaac75f735f40"
  },
  "course_id": "C026",
  "title": "Machine Learning with scikit-learn",
  "description": "Master cloud infrastructure and deployment using AWS, Docker, and Kubernetes.",
  "instructor_id": "U018",
  "category": "AI",
  "level": "advanced",
  "duration": 57,
  "price": 20000,
  "tags": [
    "certification",
    "mentor-supported",
    "downloadable-resources"
  ],
  "created_at": {
    "$date": "2025-03-27T19:33:40.000Z"
  },
  "updated_at": {
    "$date": "2025-06-09T18:31:56.901Z"
  },
  "is_published": true
},
{
  "_id": {
    "$oid": "68471a8cf4edaac75f735f41"
  },
  "course_id": "C027",
  "title": "Data Visualization with Seaborn",
  "description": "Gain experience in big data technologies like Spark and Hadoop.",
  "instructor_id": "U025",
  "category": "Cloud Computing",
  "level": "beginner",
  "duration": 50,
  "price": 5000,
  "tags": [
    "video-tutorials",
    "assignment-driven",
    "beginner-friendly"
  ],
  "created_at": {
    "$date": "2025-04-13T03:59:14.000Z"
  },
  "updated_at": {
    "$date": "2025-06-09T18:31:56.901Z"
  },
  "is_published": true
},
{
  "_id": {
    "$oid": "68471a8cf4edaac75f735f42"
  },
  "course_id": "C028",
  "title": "Deep Learning with TensorFlow",
  "description": "Get started with databases and SQL for data analysis and backend development.",
  "instructor_id": "U015",
  "category": "Web Development",
  "level": "advanced",
  "duration": 16,
  "price": 5000,
  "tags": [
    "lifetime-access",
    "certification",
    "mentor-supported"
  ],
  "created_at": {
    "$date": "2025-02-25T15:36:53.000Z"
  },
  "updated_at": {
    "$date": "2025-06-09T18:31:56.901Z"
  },
  "is_published": false
},
{
  "_id": {
    "$oid": "68471a8cf4edaac75f735f43"
  },
  "course_id": "C029",
  "title": "Git & GitHub for Collaboration",
  "description": "Prepare for a career in AI with deep learning and neural network fundamentals.",
  "instructor_id": "U032",
  "category": "Data Engineering",
  "level": "intermediate",
  "duration": 7,
  "price": 5000,
  "tags": [
    "certification",
    "community-support",
    "interview-prep"
  ],
  "created_at": {
    "$date": "2025-04-09T12:40:22.000Z"
  },
  "updated_at": {
    "$date": "2025-06-09T18:31:56.901Z"
  },
  "is_published": false
},
{
  "_id": {
    "$oid": "68471a8cf4edaac75f735f44"
  },
  "course_id": "C030",
  "title": "Git & GitHub for Collaboration",
  "description": "Prepare for a career in AI with deep learning and neural network fundamentals.",
  "instructor_id": "U035",
  "category": "Web Development",
  "level": "intermediate",
  "duration": 43,
  "price": 3000,
  "tags": [
    "video-tutorials",
    "beginner-friendly",
    "certification"
  ],
  "created_at": {
    "$date": "2025-01-06T23:31:37.000Z"
  },
  "updated_at": {
    "$date": "2025-06-09T18:31:56.901Z"
  },
  "is_published": false
},
{
  "_id": {
    "$oid": "68471a8cf4edaac75f735f45"
  },
  "course_id": "C031",
  "title": "Deep Learning with TensorFlow",
  "description": "Master cloud infrastructure and deployment using AWS, Docker, and Kubernetes.",
  "instructor_id": "U023",
  "category": "Cloud Computing",
  "level": "beginner",
  "duration": 34,
  "price": 3000,
  "tags": [
    "downloadable-resources",
    "assignment-driven",
    "community-support"
  ],
  "created_at": {
    "$date": "2025-05-02T20:34:24.000Z"
  },
  "updated_at": {
    "$date": "2025-06-09T18:31:56.901Z"
  },
  "is_published": false
},
{
  "_id": {
    "$oid": "68471a8cf4edaac75f735f46"
  },
  "course_id": "C032",
  "title": "Unit Testing in Python",
  "description": "Master cloud infrastructure and deployment using AWS, Docker, and Kubernetes.",
  "instructor_id": "U005",
  "category": "DevOps",
  "level": "intermediate",
  "duration": 18,
  "price": 20000,
  "tags": [
    "hands-on",
    "lifetime-access",
    "downloadable-resources"
  ],
  "created_at": {
    "$date": "2024-12-14T08:42:15.000Z"
  },
  "updated_at": {
    "$date": "2025-06-09T18:31:56.901Z"
  },
  "is_published": false
},
{
  "_id": {
    "$oid": "68471a8cf4edaac75f735f47"
  },
  "course_id": "C033",
  "title": "Data Engineering with Python",
  "description": "Gain experience in big data technologies like Spark and Hadoop.",
  "instructor_id": "U010",
  "category": "Web Development",
  "level": "intermediate",
  "duration": 32,
  "price": 3000,
  "tags": [
    "community-support",
    "assignment-driven",
    "certification"
  ],
  "created_at": {
    "$date": "2025-05-30T17:39:41.000Z"
  },
  "updated_at": {
    "$date": "2025-06-09T18:31:56.901Z"
  },
  "is_published": true
},
{
  "_id": {
    "$oid": "68471a8cf4edaac75f735f48"
  },
  "course_id": "C034",
  "title": "Deploying Applications with Docker",
  "description": "Master cloud infrastructure and deployment using AWS, Docker, and Kubernetes.",
  "instructor_id": "U024",
  "category": "Cloud Computing",
  "level": "advanced",
  "duration": 22,
  "price": 10000,
  "tags": [
    "community-support",
    "quiz-included",
    "lifetime-access"
  ],
  "created_at": {
    "$date": "2024-12-23T15:39:53.000Z"
  },
  "updated_at": {
    "$date": "2025-06-09T18:31:56.901Z"
  },
  "is_published": false
},
{
  "_id": {
    "$oid": "68471a8cf4edaac75f735f49"
  },
  "course_id": "C035",
  "title": "Computer Vision with OpenCV",
  "description": "Explore modern DevOps workflows, CI/CD pipelines, and monitoring strategies.",
  "instructor_id": "U006",
  "category": "Cloud Computing",
  "level": "advanced",
  "duration": 58,
  "price": 20000,
  "tags": [
    "beginner-friendly",
    "interactive",
    "career-ready"
  ],
  "created_at": {
    "$date": "2024-12-22T06:26:29.000Z"
  },
  "updated_at": {
    "$date": "2025-06-09T18:31:56.901Z"
  },
  "is_published": false
},
{
  "_id": {
    "$oid": "68471a8cf4edaac75f735f4a"
  },
  "course_id": "C036",
  "title": "Clean Code and Refactoring",
  "description": "This course introduces you to web development using HTML, CSS, and JavaScript.",
  "instructor_id": "U010",
  "category": "Web Development",
  "level": "intermediate",
  "duration": 54,
  "price": 5000,
  "tags": [
    "mentor-supported",
    "real-world",
    "career-ready"
  ],
  "created_at": {
    "$date": "2025-04-28T21:27:49.000Z"
  },
  "updated_at": {
    "$date": "2025-06-09T18:31:56.901Z"
  },
  "is_published": true
},
{
  "_id": {
    "$oid": "68471a8cf4edaac75f735f4b"
  },
  "course_id": "C037",
  "title": "Computer Vision with OpenCV",
  "description": "Get started with databases and SQL for data analysis and backend development.",
  "instructor_id": "U015",
  "category": "DevOps",
  "level": "advanced",
  "duration": 9,
  "price": 20000,
  "tags": [
    "community-support",
    "quiz-included",
    "assignment-driven"
  ],
  "created_at": {
    "$date": "2025-04-05T06:14:19.000Z"
  },
  "updated_at": {
    "$date": "2025-06-09T18:31:56.901Z"
  },
  "is_published": false
},
{
  "_id": {
    "$oid": "68471a8cf4edaac75f735f4c"
  },
  "course_id": "C038",
  "title": "AWS Cloud Fundamentals",
  "description": "This course introduces you to web development using HTML, CSS, and JavaScript.",
  "instructor_id": "U021",
  "category": "Cloud Computing",
  "level": "intermediate",
  "duration": 17,
  "price": 5000,
  "tags": [
    "interactive",
    "quiz-included",
    "real-world"
  ],
  "created_at": {
    "$date": "2025-01-27T08:16:26.000Z"
  },
  "updated_at": {
    "$date": "2025-06-09T18:31:56.901Z"
  },
  "is_published": true
},
{
  "_id": {
    "$oid": "68471a8cf4edaac75f735f4d"
  },
  "course_id": "C039",
  "title": "Big Data Processing with Spark",
  "description": "Learn how to build scalable data pipelines using modern tools and best practices.",
  "instructor_id": "U008",
  "category": "Data Engineering",
  "level": "beginner",
  "duration": 34,
  "price": 5000,
  "tags": [
    "project-based",
    "interview-prep",
    "assignment-driven"
  ],
  "created_at": {
    "$date": "2024-12-15T17:28:52.000Z"
  },
  "updated_at": {
    "$date": "2025-06-09T18:31:56.901Z"
  },
  "is_published": false
},
{
  "_id": {
    "$oid": "68471a8cf4edaac75f735f4e"
  },
  "course_id": "C040",
  "title": "Machine Learning with scikit-learn",
  "description": "Learn to build REST APIs and microservices with Flask and Django.",
  "instructor_id": "U005",
  "category": "Cloud Computing",
  "level": "beginner",
  "duration": 10,
  "price": 5000,
  "tags": [
    "real-world",
    "lifetime-access",
    "interactive"
  ],
  "created_at": {
    "$date": "2025-05-17T21:57:13.000Z"
  },
  "updated_at": {
    "$date": "2025-06-09T18:31:56.901Z"
  },
  "is_published": false
},
{
  "_id": {
    "$oid": "68471a8cf4edaac75f735f4f"
  },
  "course_id": "C041",
  "title": "Big Data Processing with Spark",
  "description": "Master cloud infrastructure and deployment using AWS, Docker, and Kubernetes.",
  "instructor_id": "U007",
  "category": "DevOps",
  "level": "beginner",
  "duration": 51,
  "price": 3000,
  "tags": [
    "quiz-included",
    "project-based",
    "certification"
  ],
  "created_at": {
    "$date": "2025-04-14T05:57:29.000Z"
  },
  "updated_at": {
    "$date": "2025-06-09T18:31:56.901Z"
  },
  "is_published": true
},
{
  "_id": {
    "$oid": "68471a8cf4edaac75f735f50"
  },
  "course_id": "C042",
  "title": "MongoDB for Developers",
  "description": "Master cloud infrastructure and deployment using AWS, Docker, and Kubernetes.",
  "instructor_id": "U009",
  "category": "Web Development",
  "level": "beginner",
  "duration": 27,
  "price": 10000,
  "tags": [
    "career-ready",
    "interactive",
    "interview-prep"
  ],
  "created_at": {
    "$date": "2025-02-09T16:00:12.000Z"
  },
  "updated_at": {
    "$date": "2025-06-09T18:31:56.901Z"
  },
  "is_published": true
},
{
  "_id": {
    "$oid": "68471a8cf4edaac75f735f51"
  },
  "course_id": "C043",
  "title": "Clean Code and Refactoring",
  "description": "Learn how to build scalable data pipelines using modern tools and best practices.",
  "instructor_id": "U013",
  "category": "AI",
  "level": "advanced",
  "duration": 21,
  "price": 10000,
  "tags": [
    "hands-on",
    "assignment-driven",
    "community-support"
  ],
  "created_at": {
    "$date": "2025-04-08T18:26:43.000Z"
  },
  "updated_at": {
    "$date": "2025-06-09T18:31:56.901Z"
  },
  "is_published": true
},
{
  "_id": {
    "$oid": "68471a8cf4edaac75f735f52"
  },
  "course_id": "C044",
  "title": "MongoDB for Developers",
  "description": "Get started with databases and SQL for data analysis and backend development.",
  "instructor_id": "U030",
  "category": "Cloud Computing",
  "level": "intermediate",
  "duration": 31,
  "price": 0,
  "tags": [
    "career-ready",
    "interactive",
    "interview-prep"
  ],
  "created_at": {
    "$date": "2025-05-27T22:54:34.000Z"
  },
  "updated_at": {
    "$date": "2025-06-09T18:31:56.901Z"
  },
  "is_published": true
},
{
  "_id": {
    "$oid": "68471a8cf4edaac75f735f53"
  },
  "course_id": "C045",
  "title": "Data Visualization with Seaborn",
  "description": "Understand core machine learning concepts with hands-on Python projects.",
  "instructor_id": "U009",
  "category": "Cloud Computing",
  "level": "intermediate",
  "duration": 52,
  "price": 20000,
  "tags": [
    "downloadable-resources",
    "beginner-friendly",
    "certification"
  ],
  "created_at": {
    "$date": "2025-06-08T12:31:29.000Z"
  },
  "updated_at": {
    "$date": "2025-06-09T18:31:56.902Z"
  },
  "is_published": false
},
{
  "_id": {
    "$oid": "68471a8cf4edaac75f735f54"
  },
  "course_id": "C046",
  "title": "Kubernetes for Developers",
  "description": "Explore modern DevOps workflows, CI/CD pipelines, and monitoring strategies.",
  "instructor_id": "U029",
  "category": "AI",
  "level": "intermediate",
  "duration": 52,
  "price": 10000,
  "tags": [
    "assignment-driven",
    "beginner-friendly",
    "certification"
  ],
  "created_at": {
    "$date": "2025-03-01T04:06:45.000Z"
  },
  "updated_at": {
    "$date": "2025-06-09T18:31:56.902Z"
  },
  "is_published": false
},
{
  "_id": {
    "$oid": "68471a8cf4edaac75f735f55"
  },
  "course_id": "C047",
  "title": "MongoDB for Developers",
  "description": "Gain experience in big data technologies like Spark and Hadoop.",
  "instructor_id": "U021",
  "category": "AI",
  "level": "intermediate",
  "duration": 24,
  "price": 5000,
  "tags": [
    "community-support",
    "real-world",
    "certification"
  ],
  "created_at": {
    "$date": "2025-03-22T04:26:11.000Z"
  },
  "updated_at": {
    "$date": "2025-06-09T18:31:56.902Z"
  },
  "is_published": false
},
{
  "_id": {
    "$oid": "68471a8cf4edaac75f735f56"
  },
  "course_id": "C048",
  "title": "Building REST APIs with FastAPI",
  "description": "Prepare for a career in AI with deep learning and neural network fundamentals.",
  "instructor_id": "U017",
  "category": "DevOps",
  "level": "beginner",
  "duration": 45,
  "price": 10000,
  "tags": [
    "community-support",
    "lifetime-access",
    "real-world"
  ],
  "created_at": {
    "$date": "2025-02-10T16:18:07.000Z"
  },
  "updated_at": {
    "$date": "2025-06-09T18:31:56.902Z"
  },
  "is_published": false
},
{
  "_id": {
    "$oid": "68471a8cf4edaac75f735f57"
  },
  "course_id": "C049",
  "title": "Unit Testing in Python",
  "description": "Get started with databases and SQL for data analysis and backend development.",
  "instructor_id": "U002",
  "category": "Data Engineering",
  "level": "advanced",
  "duration": 45,
  "price": 20000,
  "tags": [
    "project-based",
    "beginner-friendly",
    "certification"
  ],
  "created_at": {
    "$date": "2025-01-30T16:29:31.000Z"
  },
  "updated_at": {
    "$date": "2025-06-09T18:31:56.902Z"
  },
  "is_published": true
},
{
  "_id": {
    "$oid": "68471a8cf4edaac75f735f58"
  },
  "course_id": "C050",
  "title": "Computer Vision with OpenCV",
  "description": "Learn to build REST APIs and microservices with Flask and Django.",
  "instructor_id": "U028",
  "category": "AI",
  "level": "intermediate",
  "duration": 28,
  "price": 3000,
  "tags": [
    "community-support",
    "lifetime-access",
    "assignment-driven"
  ],
  "created_at": {
    "$date": "2025-01-19T14:12:04.000Z"
  },
  "updated_at": {
    "$date": "2025-06-09T18:31:56.902Z"
  },
  "is_published": true
},
{
  "_id": {
    "$oid": "68471a8cf4edaac75f735f59"
  },
  "course_id": "C051",
  "title": "Machine Learning with scikit-learn",
  "description": "Master cloud infrastructure and deployment using AWS, Docker, and Kubernetes.",
  "instructor_id": "U017",
  "category": "AI",
  "level": "beginner",
  "duration": 60,
  "price": 5000,
  "tags": [
    "hands-on",
    "interview-prep",
    "mentor-supported"
  ],
  "created_at": {
    "$date": "2025-04-05T12:14:49.000Z"
  },
  "updated_at": {
    "$date": "2025-06-09T18:31:56.902Z"
  },
  "is_published": true
},
{
  "_id": {
    "$oid": "68471a8cf4edaac75f735f5a"
  },
  "course_id": "C052",
  "title": "Machine Learning with scikit-learn",
  "description": "Explore modern DevOps workflows, CI/CD pipelines, and monitoring strategies.",
  "instructor_id": "U031",
  "category": "Cloud Computing",
  "level": "beginner",
  "duration": 49,
  "price": 10000,
  "tags": [
    "career-ready",
    "community-support",
    "lifetime-access"
  ],
  "created_at": {
    "$date": "2025-01-07T22:36:11.000Z"
  },
  "updated_at": {
    "$date": "2025-06-09T18:31:56.902Z"
  },
  "is_published": false
},
{
  "_id": {
    "$oid": "68471a8cf4edaac75f735f5b"
  },
  "course_id": "C053",
  "title": "Big Data Processing with Spark",
  "description": "This course introduces you to web development using HTML, CSS, and JavaScript.",
  "instructor_id": "U015",
  "category": "Cloud Computing",
  "level": "intermediate",
  "duration": 41,
  "price": 0,
  "tags": [
    "hands-on",
    "lifetime-access",
    "interactive"
  ],
  "created_at": {
    "$date": "2025-03-11T17:17:40.000Z"
  },
  "updated_at": {
    "$date": "2025-06-09T18:31:56.902Z"
  },
  "is_published": true
},
{
  "_id": {
    "$oid": "68471a8cf4edaac75f735f5c"
  },
  "course_id": "C054",
  "title": "Git & GitHub for Collaboration",
  "description": "Learn how to build scalable data pipelines using modern tools and best practices.",
  "instructor_id": "U011",
  "category": "Cloud Computing",
  "level": "intermediate",
  "duration": 31,
  "price": 20000,
  "tags": [
    "lifetime-access",
    "real-world",
    "interactive"
  ],
  "created_at": {
    "$date": "2025-05-18T15:55:56.000Z"
  },
  "updated_at": {
    "$date": "2025-06-09T18:31:56.902Z"
  },
  "is_published": true
},
{
  "_id": {
    "$oid": "68471a8cf4edaac75f735f5d"
  },
  "course_id": "C055",
  "title": "Python for Beginners",
  "description": "Learn to build REST APIs and microservices with Flask and Django.",
  "instructor_id": "U017",
  "category": "DevOps",
  "level": "advanced",
  "duration": 13,
  "price": 0,
  "tags": [
    "interview-prep",
    "real-world",
    "assignment-driven"
  ],
  "created_at": {
    "$date": "2025-05-23T11:15:59.000Z"
  },
  "updated_at": {
    "$date": "2025-06-09T18:31:56.902Z"
  },
  "is_published": true
},
{
  "_id": {
    "$oid": "68471a8cf4edaac75f735f5e"
  },
  "course_id": "C056",
  "title": "Data Engineering with Python",
  "description": "Master cloud infrastructure and deployment using AWS, Docker, and Kubernetes.",
  "instructor_id": "U015",
  "category": "Data Engineering",
  "level": "advanced",
  "duration": 25,
  "price": 0,
  "tags": [
    "interactive",
    "real-world",
    "quiz-included"
  ],
  "created_at": {
    "$date": "2025-03-28T22:38:41.000Z"
  },
  "updated_at": {
    "$date": "2025-06-09T18:31:56.902Z"
  },
  "is_published": false
},
{
  "_id": {
    "$oid": "68471a8cf4edaac75f735f5f"
  },
  "course_id": "C057",
  "title": "Computer Vision with OpenCV",
  "description": "Master cloud infrastructure and deployment using AWS, Docker, and Kubernetes.",
  "instructor_id": "U026",
  "category": "DevOps",
  "level": "advanced",
  "duration": 21,
  "price": 10000,
  "tags": [
    "mentor-supported",
    "real-world",
    "quiz-included"
  ],
  "created_at": {
    "$date": "2025-05-20T17:05:59.000Z"
  },
  "updated_at": {
    "$date": "2025-06-09T18:31:56.902Z"
  },
  "is_published": false
},
{
  "_id": {
    "$oid": "68471a8cf4edaac75f735f60"
  },
  "course_id": "C058",
  "title": "Kubernetes for Developers",
  "description": "Learn to build REST APIs and microservices with Flask and Django.",
  "instructor_id": "U024",
  "category": "DevOps",
  "level": "advanced",
  "duration": 49,
  "price": 3000,
  "tags": [
    "assignment-driven",
    "video-tutorials",
    "mentor-supported"
  ],
  "created_at": {
    "$date": "2025-05-03T15:31:31.000Z"
  },
  "updated_at": {
    "$date": "2025-06-09T18:31:56.902Z"
  },
  "is_published": false
},
{
  "_id": {
    "$oid": "68471a8cf4edaac75f735f61"
  },
  "course_id": "C059",
  "title": "Kubernetes for Developers",
  "description": "Understand core machine learning concepts with hands-on Python projects.",
  "instructor_id": "U038",
  "category": "Data Engineering",
  "level": "beginner",
  "duration": 47,
  "price": 10000,
  "tags": [
    "mentor-supported",
    "quiz-included",
    "video-tutorials"
  ],
  "created_at": {
    "$date": "2025-03-28T06:07:39.000Z"
  },
  "updated_at": {
    "$date": "2025-06-09T18:31:56.902Z"
  },
  "is_published": false
},
{
  "_id": {
    "$oid": "68471a8cf4edaac75f735f62"
  },
  "course_id": "C060",
  "title": "Computer Vision with OpenCV",
  "description": "Get started with databases and SQL for data analysis and backend development.",
  "instructor_id": "U020",
  "category": "Web Development",
  "level": "beginner",
  "duration": 51,
  "price": 5000,
  "tags": [
    "quiz-included",
    "real-world",
    "assignment-driven"
  ],
  "created_at": {
    "$date": "2025-02-02T15:32:28.000Z"
  },
  "updated_at": {
    "$date": "2025-06-09T18:31:56.902Z"
  },
  "is_published": false
},
{
  "_id": {
    "$oid": "68471a8cf4edaac75f735f63"
  },
  "course_id": "C061",
  "title": "Computer Vision with OpenCV",
  "description": "Get started with databases and SQL for data analysis and backend development.",
  "instructor_id": "U016",
  "category": "DevOps",
  "level": "intermediate",
  "duration": 24,
  "price": 0,
  "tags": [
    "certification",
    "community-support",
    "lifetime-access"
  ],
  "created_at": {
    "$date": "2025-04-24T23:55:21.000Z"
  },
  "updated_at": {
    "$date": "2025-06-09T18:31:56.902Z"
  },
  "is_published": true
},
{
  "_id": {
    "$oid": "68471a8cf4edaac75f735f64"
  },
  "course_id": "C062",
  "title": "Git & GitHub for Collaboration",
  "description": "Understand core machine learning concepts with hands-on Python projects.",
  "instructor_id": "U009",
  "category": "Web Development",
  "level": "advanced",
  "duration": 56,
  "price": 10000,
  "tags": [
    "hands-on",
    "assignment-driven",
    "real-world"
  ],
  "created_at": {
    "$date": "2025-03-26T00:11:50.000Z"
  },
  "updated_at": {
    "$date": "2025-06-09T18:31:56.902Z"
  },
  "is_published": true
},
{
  "_id": {
    "$oid": "68471a8cf4edaac75f735f65"
  },
  "course_id": "C063",
  "title": "Kubernetes for Developers",
  "description": "Master cloud infrastructure and deployment using AWS, Docker, and Kubernetes.",
  "instructor_id": "U009",
  "category": "DevOps",
  "level": "beginner",
  "duration": 60,
  "price": 10000,
  "tags": [
    "interview-prep",
    "interactive",
    "video-tutorials"
  ],
  "created_at": {
    "$date": "2025-02-06T21:43:32.000Z"
  },
  "updated_at": {
    "$date": "2025-06-09T18:31:56.904Z"
  },
  "is_published": false
},
{
  "_id": {
    "$oid": "68471a8cf4edaac75f735f66"
  },
  "course_id": "C064",
  "title": "Kubernetes for Developers",
  "description": "Learn to build REST APIs and microservices with Flask and Django.",
  "instructor_id": "U028",
  "category": "Web Development",
  "level": "beginner",
  "duration": 20,
  "price": 10000,
  "tags": [
    "lifetime-access",
    "beginner-friendly",
    "interview-prep"
  ],
  "created_at": {
    "$date": "2025-03-30T15:16:30.000Z"
  },
  "updated_at": {
    "$date": "2025-06-09T18:31:56.904Z"
  },
  "is_published": true
},
{
  "_id": {
    "$oid": "68471a8cf4edaac75f735f67"
  },
  "course_id": "C065",
  "title": "Computer Vision with OpenCV",
  "description": "Master cloud infrastructure and deployment using AWS, Docker, and Kubernetes.",
  "instructor_id": "U011",
  "category": "DevOps",
  "level": "advanced",
  "duration": 54,
  "price": 3000,
  "tags": [
    "hands-on",
    "project-based",
    "quiz-included"
  ],
  "created_at": {
    "$date": "2024-12-29T12:59:00.000Z"
  },
  "updated_at": {
    "$date": "2025-06-09T18:31:56.904Z"
  },
  "is_published": true
},
{
  "_id": {
    "$oid": "68471a8cf4edaac75f735f68"
  },
  "course_id": "C066",
  "title": "Git & GitHub for Collaboration",
  "description": "Develop a strong foundation in data engineering with real-world ETL scenarios.",
  "instructor_id": "U039",
  "category": "Cloud Computing",
  "level": "beginner",
  "duration": 31,
  "price": 10000,
  "tags": [
    "video-tutorials",
    "certification",
    "career-ready"
  ],
  "created_at": {
    "$date": "2025-02-13T17:17:33.000Z"
  },
  "updated_at": {
    "$date": "2025-06-09T18:31:56.904Z"
  },
  "is_published": true
},
{
  "_id": {
    "$oid": "68471a8cf4edaac75f735f69"
  },
  "course_id": "C067",
  "title": "Machine Learning with scikit-learn",
  "description": "Develop a strong foundation in data engineering with real-world ETL scenarios.",
  "instructor_id": "U036",
  "category": "Cloud Computing",
  "level": "intermediate",
  "duration": 59,
  "price": 5000,
  "tags": [
    "project-based",
    "mentor-supported",
    "career-ready"
  ],
  "created_at": {
    "$date": "2024-12-16T01:03:37.000Z"
  },
  "updated_at": {
    "$date": "2025-06-09T18:31:56.904Z"
  },
  "is_published": false
},
{
  "_id": {
    "$oid": "68471a8cf4edaac75f735f6a"
  },
  "course_id": "C068",
  "title": "Data Visualization with Seaborn",
  "description": "Prepare for a career in AI with deep learning and neural network fundamentals.",
  "instructor_id": "U040",
  "category": "AI",
  "level": "advanced",
  "duration": 34,
  "price": 3000,
  "tags": [
    "community-support",
    "assignment-driven",
    "downloadable-resources"
  ],
  "created_at": {
    "$date": "2025-03-20T11:20:12.000Z"
  },
  "updated_at": {
    "$date": "2025-06-09T18:31:56.904Z"
  },
  "is_published": true
},
{
  "_id": {
    "$oid": "68471a8cf4edaac75f735f6b"
  },
  "course_id": "C069",
  "title": "Machine Learning with scikit-learn",
  "description": "This course introduces you to web development using HTML, CSS, and JavaScript.",
  "instructor_id": "U009",
  "category": "Web Development",
  "level": "beginner",
  "duration": 59,
  "price": 5000,
  "tags": [
    "mentor-supported",
    "downloadable-resources",
    "video-tutorials"
  ],
  "created_at": {
    "$date": "2025-03-07T22:22:32.000Z"
  },
  "updated_at": {
    "$date": "2025-06-09T18:31:56.904Z"
  },
  "is_published": true
},
{
  "_id": {
    "$oid": "68471a8cf4edaac75f735f6c"
  },
  "course_id": "C070",
  "title": "Python for Beginners",
  "description": "Master cloud infrastructure and deployment using AWS, Docker, and Kubernetes.",
  "instructor_id": "U006",
  "category": "Data Engineering",
  "level": "beginner",
  "duration": 35,
  "price": 20000,
  "tags": [
    "community-support",
    "quiz-included",
    "downloadable-resources"
  ],
  "created_at": {
    "$date": "2025-03-10T23:02:46.000Z"
  },
  "updated_at": {
    "$date": "2025-06-09T18:31:56.904Z"
  },
  "is_published": true
},
{
  "_id": {
    "$oid": "68471a8cf4edaac75f735f6d"
  },
  "course_id": "C071",
  "title": "Deep Learning with TensorFlow",
  "description": "Prepare for a career in AI with deep learning and neural network fundamentals.",
  "instructor_id": "U028",
  "category": "DevOps",
  "level": "intermediate",
  "duration": 54,
  "price": 20000,
  "tags": [
    "lifetime-access",
    "video-tutorials",
    "mentor-supported"
  ],
  "created_at": {
    "$date": "2025-04-18T16:39:42.000Z"
  },
  "updated_at": {
    "$date": "2025-06-09T18:31:56.904Z"
  },
  "is_published": true
},
{
  "_id": {
    "$oid": "68471a8cf4edaac75f735f6e"
  },
  "course_id": "C072",
  "title": "Big Data Processing with Spark",
  "description": "Get started with databases and SQL for data analysis and backend development.",
  "instructor_id": "U014",
  "category": "AI",
  "level": "beginner",
  "duration": 35,
  "price": 5000,
  "tags": [
    "downloadable-resources",
    "quiz-included",
    "real-world"
  ],
  "created_at": {
    "$date": "2025-03-20T03:24:20.000Z"
  },
  "updated_at": {
    "$date": "2025-06-09T18:31:56.904Z"
  },
  "is_published": false
},
{
  "_id": {
    "$oid": "68471a8cf4edaac75f735f6f"
  },
  "course_id": "C073",
  "title": "Building REST APIs with FastAPI",
  "description": "Master cloud infrastructure and deployment using AWS, Docker, and Kubernetes.",
  "instructor_id": "U012",
  "category": "DevOps",
  "level": "intermediate",
  "duration": 48,
  "price": 3000,
  "tags": [
    "beginner-friendly",
    "interview-prep",
    "assignment-driven"
  ],
  "created_at": {
    "$date": "2025-01-27T06:56:22.000Z"
  },
  "updated_at": {
    "$date": "2025-06-09T18:31:56.904Z"
  },
  "is_published": false
},
{
  "_id": {
    "$oid": "68471a8cf4edaac75f735f70"
  },
  "course_id": "C074",
  "title": "Deep Learning with TensorFlow",
  "description": "Develop a strong foundation in data engineering with real-world ETL scenarios.",
  "instructor_id": "U021",
  "category": "Web Development",
  "level": "beginner",
  "duration": 35,
  "price": 5000,
  "tags": [
    "interview-prep",
    "downloadable-resources",
    "career-ready"
  ],
  "created_at": {
    "$date": "2025-05-09T19:07:22.000Z"
  },
  "updated_at": {
    "$date": "2025-06-09T18:31:56.904Z"
  },
  "is_published": false
},
{
  "_id": {
    "$oid": "68471a8cf4edaac75f735f71"
  },
  "course_id": "C075",
  "title": "Git & GitHub for Collaboration",
  "description": "Learn how to build scalable data pipelines using modern tools and best practices.",
  "instructor_id": "U024",
  "category": "Data Engineering",
  "level": "beginner",
  "duration": 44,
  "price": 10000,
  "tags": [
    "downloadable-resources",
    "video-tutorials",
    "interactive"
  ],
  "created_at": {
    "$date": "2025-06-04T12:14:57.000Z"
  },
  "updated_at": {
    "$date": "2025-06-09T18:31:56.904Z"
  },
  "is_published": false
},
{
  "_id": {
    "$oid": "68471a8cf4edaac75f735f72"
  },
  "course_id": "C076",
  "title": "Git & GitHub for Collaboration",
  "description": "Develop a strong foundation in data engineering with real-world ETL scenarios.",
  "instructor_id": "U019",
  "category": "Web Development",
  "level": "intermediate",
  "duration": 45,
  "price": 3000,
  "tags": [
    "real-world",
    "interview-prep",
    "hands-on"
  ],
  "created_at": {
    "$date": "2025-04-01T01:57:51.000Z"
  },
  "updated_at": {
    "$date": "2025-06-09T18:31:56.904Z"
  },
  "is_published": false
},
{
  "_id": {
    "$oid": "68471a8cf4edaac75f735f73"
  },
  "course_id": "C077",
  "title": "Machine Learning with scikit-learn",
  "description": "Understand core machine learning concepts with hands-on Python projects.",
  "instructor_id": "U001",
  "category": "DevOps",
  "level": "intermediate",
  "duration": 32,
  "price": 5000,
  "tags": [
    "beginner-friendly",
    "quiz-included",
    "career-ready"
  ],
  "created_at": {
    "$date": "2025-03-25T22:16:11.000Z"
  },
  "updated_at": {
    "$date": "2025-06-09T18:31:56.904Z"
  },
  "is_published": true
},
{
  "_id": {
    "$oid": "68471a8cf4edaac75f735f74"
  },
  "course_id": "C078",
  "title": "Computer Vision with OpenCV",
  "description": "Explore modern DevOps workflows, CI/CD pipelines, and monitoring strategies.",
  "instructor_id": "U020",
  "category": "DevOps",
  "level": "advanced",
  "duration": 55,
  "price": 20000,
  "tags": [
    "mentor-supported",
    "lifetime-access",
    "video-tutorials"
  ],
  "created_at": {
    "$date": "2025-03-06T23:06:06.000Z"
  },
  "updated_at": {
    "$date": "2025-06-09T18:31:56.904Z"
  },
  "is_published": true
},
{
  "_id": {
    "$oid": "68471a8cf4edaac75f735f75"
  },
  "course_id": "C079",
  "title": "Big Data Processing with Spark",
  "description": "Understand core machine learning concepts with hands-on Python projects.",
  "instructor_id": "U020",
  "category": "DevOps",
  "level": "intermediate",
  "duration": 39,
  "price": 20000,
  "tags": [
    "beginner-friendly",
    "community-support",
    "interactive"
  ],
  "created_at": {
    "$date": "2024-12-28T18:28:30.000Z"
  },
  "updated_at": {
    "$date": "2025-06-09T18:31:56.904Z"
  },
  "is_published": false
},
{
  "_id": {
    "$oid": "68471a8cf4edaac75f735f76"
  },
  "course_id": "C080",
  "title": "Python for Beginners",
  "description": "Prepare for a career in AI with deep learning and neural network fundamentals.",
  "instructor_id": "U029",
  "category": "AI",
  "level": "beginner",
  "duration": 45,
  "price": 20000,
  "tags": [
    "mentor-supported",
    "career-ready",
    "quiz-included"
  ],
  "created_at": {
    "$date": "2025-03-03T17:06:37.000Z"
  },
  "updated_at": {
    "$date": "2025-06-09T18:31:56.904Z"
  },
  "is_published": true
},
{
  "_id": {
    "$oid": "68471a8cf4edaac75f735f77"
  },
  "course_id": "C081",
  "title": "Big Data Processing with Spark",
  "description": "Understand core machine learning concepts with hands-on Python projects.",
  "instructor_id": "U019",
  "category": "Data Engineering",
  "level": "intermediate",
  "duration": 19,
  "price": 3000,
  "tags": [
    "beginner-friendly",
    "quiz-included",
    "downloadable-resources"
  ],
  "created_at": {
    "$date": "2025-02-07T05:01:38.000Z"
  },
  "updated_at": {
    "$date": "2025-06-09T18:31:56.904Z"
  },
  "is_published": false
},
{
  "_id": {
    "$oid": "68471a8cf4edaac75f735f78"
  },
  "course_id": "C082",
  "title": "Unit Testing in Python",
  "description": "Gain experience in big data technologies like Spark and Hadoop.",
  "instructor_id": "U020",
  "category": "DevOps",
  "level": "intermediate",
  "duration": 36,
  "price": 5000,
  "tags": [
    "certification",
    "assignment-driven",
    "project-based"
  ],
  "created_at": {
    "$date": "2025-01-23T17:13:18.000Z"
  },
  "updated_at": {
    "$date": "2025-06-09T18:31:56.904Z"
  },
  "is_published": false
},
{
  "_id": {
    "$oid": "68471a8cf4edaac75f735f79"
  },
  "course_id": "C083",
  "title": "Building REST APIs with FastAPI",
  "description": "Develop a strong foundation in data engineering with real-world ETL scenarios.",
  "instructor_id": "U030",
  "category": "Data Engineering",
  "level": "intermediate",
  "duration": 16,
  "price": 5000,
  "tags": [
    "downloadable-resources",
    "assignment-driven",
    "project-based"
  ],
  "created_at": {
    "$date": "2025-02-19T00:55:08.000Z"
  },
  "updated_at": {
    "$date": "2025-06-09T18:31:56.904Z"
  },
  "is_published": false
},
{
  "_id": {
    "$oid": "68471a8cf4edaac75f735f7a"
  },
  "course_id": "C084",
  "title": "Clean Code and Refactoring",
  "description": "Develop a strong foundation in data engineering with real-world ETL scenarios.",
  "instructor_id": "U014",
  "category": "AI",
  "level": "intermediate",
  "duration": 41,
  "price": 5000,
  "tags": [
    "certification",
    "interactive",
    "interview-prep"
  ],
  "created_at": {
    "$date": "2025-02-05T05:19:54.000Z"
  },
  "updated_at": {
    "$date": "2025-06-09T18:31:56.904Z"
  },
  "is_published": true
},
{
  "_id": {
    "$oid": "68471a8cf4edaac75f735f7b"
  },
  "course_id": "C085",
  "title": "Kubernetes for Developers",
  "description": "Gain experience in big data technologies like Spark and Hadoop.",
  "instructor_id": "U018",
  "category": "DevOps",
  "level": "advanced",
  "duration": 43,
  "price": 0,
  "tags": [
    "lifetime-access",
    "mentor-supported",
    "downloadable-resources"
  ],
  "created_at": {
    "$date": "2025-04-06T11:32:17.000Z"
  },
  "updated_at": {
    "$date": "2025-06-09T18:31:56.904Z"
  },
  "is_published": false
},
{
  "_id": {
    "$oid": "68471a8cf4edaac75f735f7c"
  },
  "course_id": "C086",
  "title": "Kubernetes for Developers",
  "description": "Learn to build REST APIs and microservices with Flask and Django.",
  "instructor_id": "U021",
  "category": "AI",
  "level": "intermediate",
  "duration": 25,
  "price": 20000,
  "tags": [
    "interactive",
    "lifetime-access",
    "project-based"
  ],
  "created_at": {
    "$date": "2025-04-21T10:18:19.000Z"
  },
  "updated_at": {
    "$date": "2025-06-09T18:31:56.904Z"
  },
  "is_published": false
},
{
  "_id": {
    "$oid": "68471a8cf4edaac75f735f7d"
  },
  "course_id": "C087",
  "title": "Building REST APIs with FastAPI",
  "description": "Develop a strong foundation in data engineering with real-world ETL scenarios.",
  "instructor_id": "U035",
  "category": "AI",
  "level": "advanced",
  "duration": 48,
  "price": 0,
  "tags": [
    "career-ready",
    "lifetime-access",
    "mentor-supported"
  ],
  "created_at": {
    "$date": "2025-03-29T02:23:14.000Z"
  },
  "updated_at": {
    "$date": "2025-06-09T18:31:56.904Z"
  },
  "is_published": true
},
{
  "_id": {
    "$oid": "68471a8cf4edaac75f735f7e"
  },
  "course_id": "C088",
  "title": "Kubernetes for Developers",
  "description": "Gain experience in big data technologies like Spark and Hadoop.",
  "instructor_id": "U023",
  "category": "Web Development",
  "level": "advanced",
  "duration": 8,
  "price": 3000,
  "tags": [
    "real-world",
    "hands-on",
    "community-support"
  ],
  "created_at": {
    "$date": "2025-02-12T14:59:57.000Z"
  },
  "updated_at": {
    "$date": "2025-06-09T18:31:56.905Z"
  },
  "is_published": false
},
{
  "_id": {
    "$oid": "68471a8cf4edaac75f735f7f"
  },
  "course_id": "C089",
  "title": "Deploying Applications with Docker",
  "description": "Get started with databases and SQL for data analysis and backend development.",
  "instructor_id": "U035",
  "category": "Cloud Computing",
  "level": "intermediate",
  "duration": 38,
  "price": 10000,
  "tags": [
    "project-based",
    "interview-prep",
    "video-tutorials"
  ],
  "created_at": {
    "$date": "2024-12-22T18:24:08.000Z"
  },
  "updated_at": {
    "$date": "2025-06-09T18:31:56.905Z"
  },
  "is_published": true
},
{
  "_id": {
    "$oid": "68471a8cf4edaac75f735f80"
  },
  "course_id": "C090",
  "title": "Unit Testing in Python",
  "description": "Understand core machine learning concepts with hands-on Python projects.",
  "instructor_id": "U014",
  "category": "Web Development",
  "level": "beginner",
  "duration": 46,
  "price": 20000,
  "tags": [
    "community-support",
    "downloadable-resources",
    "interactive"
  ],
  "created_at": {
    "$date": "2025-06-09T09:39:17.000Z"
  },
  "updated_at": {
    "$date": "2025-06-09T18:31:56.905Z"
  },
  "is_published": true
},
{
  "_id": {
    "$oid": "68471a8cf4edaac75f735f81"
  },
  "course_id": "C091",
  "title": "Clean Code and Refactoring",
  "description": "Explore modern DevOps workflows, CI/CD pipelines, and monitoring strategies.",
  "instructor_id": "U018",
  "category": "Data Engineering",
  "level": "intermediate",
  "duration": 9,
  "price": 3000,
  "tags": [
    "project-based",
    "real-world",
    "interview-prep"
  ],
  "created_at": {
    "$date": "2025-05-04T04:23:26.000Z"
  },
  "updated_at": {
    "$date": "2025-06-09T18:31:56.905Z"
  },
  "is_published": false
},
{
  "_id": {
    "$oid": "68471a8cf4edaac75f735f82"
  },
  "course_id": "C092",
  "title": "Unit Testing in Python",
  "description": "Get started with databases and SQL for data analysis and backend development.",
  "instructor_id": "U016",
  "category": "Web Development",
  "level": "beginner",
  "duration": 18,
  "price": 3000,
  "tags": [
    "lifetime-access",
    "certification",
    "community-support"
  ],
  "created_at": {
    "$date": "2025-05-23T05:58:51.000Z"
  },
  "updated_at": {
    "$date": "2025-06-09T18:31:56.905Z"
  },
  "is_published": false
},
{
  "_id": {
    "$oid": "68471a8cf4edaac75f735f83"
  },
  "course_id": "C093",
  "title": "Git & GitHub for Collaboration",
  "description": "Get started with databases and SQL for data analysis and backend development.",
  "instructor_id": "U038",
  "category": "AI",
  "level": "intermediate",
  "duration": 47,
  "price": 5000,
  "tags": [
    "community-support",
    "lifetime-access",
    "project-based"
  ],
  "created_at": {
    "$date": "2025-01-08T02:25:31.000Z"
  },
  "updated_at": {
    "$date": "2025-06-09T18:31:56.905Z"
  },
  "is_published": true
},
{
  "_id": {
    "$oid": "68471a8cf4edaac75f735f84"
  },
  "course_id": "C094",
  "title": "Data Visualization with Seaborn",
  "description": "This course introduces you to web development using HTML, CSS, and JavaScript.",
  "instructor_id": "U002",
  "category": "Web Development",
  "level": "beginner",
  "duration": 48,
  "price": 5000,
  "tags": [
    "video-tutorials",
    "interview-prep",
    "beginner-friendly"
  ],
  "created_at": {
    "$date": "2025-03-06T00:39:08.000Z"
  },
  "updated_at": {
    "$date": "2025-06-09T18:31:56.905Z"
  },
  "is_published": false
},
{
  "_id": {
    "$oid": "68471a8cf4edaac75f735f85"
  },
  "course_id": "C095",
  "title": "MongoDB for Developers",
  "description": "Master cloud infrastructure and deployment using AWS, Docker, and Kubernetes.",
  "instructor_id": "U012",
  "category": "DevOps",
  "level": "advanced",
  "duration": 50,
  "price": 3000,
  "tags": [
    "project-based",
    "mentor-supported",
    "career-ready"
  ],
  "created_at": {
    "$date": "2025-04-23T06:37:22.000Z"
  },
  "updated_at": {
    "$date": "2025-06-09T18:31:56.905Z"
  },
  "is_published": false
},
{
  "_id": {
    "$oid": "68471a8cf4edaac75f735f86"
  },
  "course_id": "C096",
  "title": "Computer Vision with OpenCV",
  "description": "Learn how to build scalable data pipelines using modern tools and best practices.",
  "instructor_id": "U029",
  "category": "Web Development",
  "level": "advanced",
  "duration": 60,
  "price": 10000,
  "tags": [
    "interactive",
    "real-world",
    "career-ready"
  ],
  "created_at": {
    "$date": "2025-01-04T05:19:44.000Z"
  },
  "updated_at": {
    "$date": "2025-06-09T18:31:56.905Z"
  },
  "is_published": true
},
{
  "_id": {
    "$oid": "68471a8cf4edaac75f735f87"
  },
  "course_id": "C097",
  "title": "Big Data Processing with Spark",
  "description": "Learn how to build scalable data pipelines using modern tools and best practices.",
  "instructor_id": "U004",
  "category": "Cloud Computing",
  "level": "intermediate",
  "duration": 12,
  "price": 20000,
  "tags": [
    "mentor-supported",
    "career-ready",
    "real-world"
  ],
  "created_at": {
    "$date": "2024-12-17T14:36:02.000Z"
  },
  "updated_at": {
    "$date": "2025-06-09T18:31:56.905Z"
  },
  "is_published": false
},
{
  "_id": {
    "$oid": "68471a8cf4edaac75f735f88"
  },
  "course_id": "C098",
  "title": "Building REST APIs with FastAPI",
  "description": "Gain experience in big data technologies like Spark and Hadoop.",
  "instructor_id": "U033",
  "category": "Cloud Computing",
  "level": "beginner",
  "duration": 38,
  "price": 20000,
  "tags": [
    "hands-on",
    "interactive",
    "downloadable-resources"
  ],
  "created_at": {
    "$date": "2025-01-16T13:28:50.000Z"
  },
  "updated_at": {
    "$date": "2025-06-09T18:31:56.905Z"
  },
  "is_published": true
},
{
  "_id": {
    "$oid": "68471a8cf4edaac75f735f89"
  },
  "course_id": "C099",
  "title": "Python for Beginners",
  "description": "Prepare for a career in AI with deep learning and neural network fundamentals.",
  "instructor_id": "U010",
  "category": "Web Development",
  "level": "advanced",
  "duration": 59,
  "price": 3000,
  "tags": [
    "video-tutorials",
    "beginner-friendly",
    "project-based"
  ],
  "created_at": {
    "$date": "2025-05-27T16:20:42.000Z"
  },
  "updated_at": {
    "$date": "2025-06-09T18:31:56.905Z"
  },
  "is_published": true
},
{
  "_id": {
    "$oid": "68471a8cf4edaac75f735f8a"
  },
  "course_id": "C100",
  "title": "Data Visualization with Seaborn",
  "description": "Prepare for a career in AI with deep learning and neural network fundamentals.",
  "instructor_id": "U010",
  "category": "Cloud Computing",
  "level": "beginner",
  "duration": 6,
  "price": 20000,
  "tags": [
    "video-tutorials",
    "interactive",
    "project-based"
  ],
  "created_at": {
    "$date": "2025-04-20T06:03:47.000Z"
  },
  "updated_at": {
    "$date": "2025-06-09T18:31:56.905Z"
  },
  "is_published": true
}]