[{
  "_id": {
    "$oid": "6847253cf4edaac75f736013"
  },
  "assignment_id": {
    "$oid": "68472445f4edaac75f736011"
  },
  "sub_student_id": {
    "$oid": "68471c4df4edaac75f735f8e"
  },
  "sub_submitted_on": {
    "$date": "2025-06-09T19:17:32.225Z"
  },
  "content": "Military father somebody opportunity. Never deep factor a author loss store like. Happen page leader hotel.",
  "grade": "B"
},
{
  "_id": {
    "$oid": "6847253cf4edaac75f736014"
  },
  "assignment_id": {
    "$oid": "68472445f4edaac75f73600f"
  },
  "sub_student_id": {
    "$oid": "68471ce3f4edaac75f735fa1"
  },
  "sub_submitted_on": {
    "$date": "2025-06-09T19:17:32.225Z"
  },
  "content": "Wonder subject yet five. Break skill factor among. With question quality relationship democratic. My away right letter water without. Explain image modern hard modern finish source.",
  "grade": "D"
},
{
  "_id": {
    "$oid": "6847253cf4edaac75f736015"
  },
  "assignment_id": {
    "$oid": "68472445f4edaac75f73600b"
  },
  "sub_student_id": {
    "$oid": "68471ce3f4edaac75f735fa3"
  },
  "sub_submitted_on": {
    "$date": "2025-06-09T19:17:32.225Z"
  },
  "content": "Allow evidence others good concern up. That matter so discussion. Term car easy family chance himself she. Have specific president west statement conference. Happen ready whom interest teacher election weight.",
  "grade": "B"
},
{
  "_id": {
    "$oid": "6847253cf4edaac75f736016"
  },
  "assignment_id": {
    "$oid": "68472445f4edaac75f73600e"
  },
  "sub_student_id": {
    "$oid": "68471ce3f4edaac75f735fa9"
  },
  "sub_submitted_on": {
    "$date": "2025-06-09T19:17:32.225Z"
  },
  "content": "Tree focus fire our small friend capital. Upon store we opportunity these case deep. Beat certain source seat move sort. Young history huge sport.",
  "grade": "D"
},
{
  "_id": {
    "$oid": "6847253cf4edaac75f736017"
  },
  "assignment_id": {
    "$oid": "68472445f4edaac75f73600b"
  },
  "sub_student_id": {
    "$oid": "68471c4df4edaac75f735f90"
  },
  "sub_submitted_on": {
    "$date": "2025-06-09T19:17:32.225Z"
  },
  "content": "Trade pay service usually film. Culture people option plan quality myself cup section. North standard become window third. Brother customer stop worker opportunity despite. Usually much employee staff.",
  "grade": "B"
},
{
  "_id": {
    "$oid": "6847253cf4edaac75f736018"
  },
  "assignment_id": {
    "$oid": "6847240bf4edaac75f736003"
  },
  "sub_student_id": {
    "$oid": "68471c4df4edaac75f735f95"
  },
  "sub_submitted_on": {
    "$date": "2025-06-09T19:17:32.225Z"
  },
  "content": "Environmental machine prove data spring. Lead night price area. Resource pretty take nature.",
  "grade": "C"
},
{
  "_id": {
    "$oid": "6847253cf4edaac75f736019"
  },
  "assignment_id": {
    "$oid": "6847240bf4edaac75f736007"
  },
  "sub_student_id": {
    "$oid": "68471d51f4edaac75f735fc0"
  },
  "sub_submitted_on": {
    "$date": "2025-06-09T19:17:32.225Z"
  },
  "content": "Dream draw generation series political. Wrong each rest husband. Turn health foot within list that.",
  "grade": "C"
},
{
  "_id": {
    "$oid": "6847253cf4edaac75f73601a"
  },
  "assignment_id": {
    "$oid": "68472445f4edaac75f73600f"
  },
  "sub_student_id": {
    "$oid": "68471ce3f4edaac75f735fa8"
  },
  "sub_submitted_on": {
    "$date": "2025-06-09T19:17:32.226Z"
  },
  "content": "Each blue future. Industry treatment source majority last where hair. Face begin race child back build.",
  "grade": "C"
},
{
  "_id": {
    "$oid": "6847253cf4edaac75f73601b"
  },
  "assignment_id": {
    "$oid": "68472445f4edaac75f73600a"
  },
  "sub_student_id": {
    "$oid": "68471c4df4edaac75f735f97"
  },
  "sub_submitted_on": {
    "$date": "2025-06-09T19:17:32.226Z"
  },
  "content": "Trip herself figure skill help change. Art gun color hard. Value her leader evening size fine station remember. Card look international animal risk think hair.",
  "grade": "D"
},
{
  "_id": {
    "$oid": "6847253cf4edaac75f73601c"
  },
  "assignment_id": {
    "$oid": "68472445f4edaac75f73600e"
  },
  "sub_student_id": {
    "$oid": "68471d51f4edaac75f735fb7"
  },
  "sub_submitted_on": {
    "$date": "2025-06-09T19:17:32.226Z"
  },
  "content": "Country human miss when citizen without. Church important news everyone wear whole step.",
  "grade": "D"
},
{
  "_id": {
    "$oid": "6847253cf4edaac75f73601d"
  },
  "assignment_id": {
    "$oid": "6847240bf4edaac75f736005"
  },
  "sub_student_id": {
    "$oid": "68471c4df4edaac75f735f8e"
  },
  "sub_submitted_on": {
    "$date": "2025-06-09T19:17:32.226Z"
  },
  "content": "Serve tend school of industry fire attorney. Claim us message attorney believe. Understand remember owner either feel rest idea. Ok admit order true service property.",
  "grade": "A"
},
{
  "_id": {
    "$oid": "6847253cf4edaac75f73601e"
  },
  "assignment_id": {
    "$oid": "6847240bf4edaac75f736001"
  },
  "sub_student_id": {
    "$oid": "68471ce3f4edaac75f735faa"
  },
  "sub_submitted_on": {
    "$date": "2025-06-09T19:17:32.226Z"
  },
  "content": "Gun difference note group four. Admit reflect population.",
  "grade": "B"
}]