[{
  "_id": {
    "$oid": "6847240bf4edaac75f735fff"
  },
  "lesson_id": {
    "$oid": "684722abf4edaac75f735ffe"
  },
  "title": "Apply current time.",
  "instructions": "Both issue his else. Again hour wait husband book short coach financial. Million keep edge budget others born thought.",
  "due_date": {
    "$date": "2025-06-12T19:06:35.000Z"
  }
},
{
  "_id": {
    "$oid": "6847240bf4edaac75f736000"
  },
  "lesson_id": {
    "$oid": "684722abf4edaac75f735ffe"
  },
  "title": "Say south house produce mind.",
  "instructions": "Student method mouth region. Spring month one voice.",
  "due_date": {
    "$date": "2025-06-18T12:58:23.000Z"
  }
},
{
  "_id": {
    "$oid": "6847240bf4edaac75f736001"
  },
  "lesson_id": {
    "$oid": "684722abf4edaac75f735ffe"
  },
  "title": "Here window arrive.",
  "instructions": "Thing education down interesting own play hot. Other safe and visit discuss actually. Edge brother prove wife.",
  "due_date": {
    "$date": "2025-06-18T09:10:05.000Z"
  }
},
{
  "_id": {
    "$oid": "6847240bf4edaac75f736002"
  },
  "lesson_id": {
    "$oid": "684722abf4edaac75f735ffe"
  },
  "title": "Interest base your.",
  "instructions": "Study without source activity.",
  "due_date": {
    "$date": "2025-06-17T01:37:05.000Z"
  }
},
{
  "_id": {
    "$oid": "6847240bf4edaac75f736003"
  },
  "lesson_id": {
    "$oid": "684722abf4edaac75f735ffe"
  },
  "title": "Rise return major.",
  "instructions": "Eye buy vote tree. Provide dog TV. Agreement product growth choice.",
  "due_date": {
    "$date": "2025-06-16T03:56:47.000Z"
  }
},
{
  "_id": {
    "$oid": "6847240bf4edaac75f736004"
  },
  "lesson_id": {
    "$oid": "684722abf4edaac75f735ffe"
  },
  "title": "Student majority camera.",
  "instructions": "Time term hit.",
  "due_date": {
    "$date": "2025-06-17T00:49:09.000Z"
  }
},
{
  "_id": {
    "$oid": "6847240bf4edaac75f736005"
  },
  "lesson_id": {
    "$oid": "684722abf4edaac75f735ffe"
  },
  "title": "Article company fine adult meet.",
  "instructions": "Describe investment food husband. Father laugh part no his ground. Congress approach floor anything.",
  "due_date": {
    "$date": "2025-06-12T15:39:00.000Z"
  }
},
{
  "_id": {
    "$oid": "6847240bf4edaac75f736006"
  },
  "lesson_id": {
    "$oid": "684722abf4edaac75f735ffe"
  },
  "title": "Image arrive go policy.",
  "instructions": "Soon series they home cost. Answer enjoy red maintain service. Safe point message present million indeed.",
  "due_date": {
    "$date": "2025-06-16T12:23:09.000Z"
  }
},
{
  "_id": {
    "$oid": "6847240bf4edaac75f736007"
  },
  "lesson_id": {
    "$oid": "684722abf4edaac75f735ffe"
  },
  "title": "Line quality beat can.",
  "instructions": "Commercial one enjoy about. Majority leg suggest wish allow action. Hotel another pick since.",
  "due_date": {
    "$date": "2025-06-17T04:51:24.000Z"
  }
},
{
  "_id": {
    "$oid": "6847240bf4edaac75f736008"
  },
  "lesson_id": {
    "$oid": "684722abf4edaac75f735ffe"
  },
  "title": "Believe start enjoy.",
  "instructions": "History bill both imagine safe any.",
  "due_date": {
    "$date": "2025-06-11T01:11:04.000Z"
  }
},
{
  "_id": {
    "$oid": "68472445f4edaac75f736009"
  },
  "lesson_id": {
    "$oid": "684722abf4edaac75f735ffe"
  },
  "title": "Kubernetes for Developers",
  "instructions": "Democratic that it something method whether. Next rate morning maybe. Just like measure during together away situation.",
  "due_date": {
    "$date": "2025-06-12T01:53:25.000Z"
  }
},
{
  "_id": {
    "$oid": "68472445f4edaac75f73600a"
  },
  "lesson_id": {
    "$oid": "684722abf4edaac75f735ffe"
  },
  "title": "Big Data Processing with Spark",
  "instructions": "Fast no month would. Wife now role.",
  "due_date": {
    "$date": "2025-06-15T14:02:58.000Z"
  }
},
{
  "_id": {
    "$oid": "68472445f4edaac75f73600b"
  },
  "lesson_id": {
    "$oid": "684722abf4edaac75f735ffe"
  },
  "title": "Deploying Applications with Docker",
  "instructions": "Last safe affect popular piece. Cause pass experience economic change garden.",
  "due_date": {
    "$date": "2025-06-16T15:33:51.000Z"
  }
},
{
  "_id": {
    "$oid": "68472445f4edaac75f73600c"
  },
  "lesson_id": {
    "$oid": "684722abf4edaac75f735ffe"
  },
  "title": "Machine Learning with scikit-learn",
  "instructions": "Run open for perform successful. Position call television. Event record huge family later.",
  "due_date": {
    "$date": "2025-06-13T20:34:24.000Z"
  }
},
{
  "_id": {
    "$oid": "68472445f4edaac75f73600d"
  },
  "lesson_id": {
    "$oid": "684722abf4edaac75f735ffe"
  },
  "title": "Data Engineering with Python",
  "instructions": "Feeling true hour near professional. Real probably rise everything. Quickly about least similar test deep camera time.",
  "due_date": {
    "$date": "2025-06-10T23:58:57.000Z"
  }
},
{
  "_id": {
    "$oid": "68472445f4edaac75f73600e"
  },
  "lesson_id": {
    "$oid": "684722abf4edaac75f735ffe"
  },
  "title": "Data Engineering with Python",
  "instructions": "Front activity wait receive. Cost situation same huge. Medical rest force star card it remain.",
  "due_date": {
    "$date": "2025-06-12T09:55:53.000Z"
  }
},
{
  "_id": {
    "$oid": "68472445f4edaac75f73600f"
  },
  "lesson_id": {
    "$oid": "684722abf4edaac75f735ffe"
  },
  "title": "Data Engineering with Python",
  "instructions": "Ball save nature cause might different serve education. Myself off ever modern realize. Administration election lay performance suffer.",
  "due_date": {
    "$date": "2025-06-10T23:16:42.000Z"
  }
},
{
  "_id": {
    "$oid": "68472445f4edaac75f736010"
  },
  "lesson_id": {
    "$oid": "684722abf4edaac75f735ffe"
  },
  "title": "Data Visualization with Seaborn",
  "instructions": "Far upon always might relationship decade member. Mean push hand reveal get nor popular push. Item article mind state force interesting bit sit.",
  "due_date": {
    "$date": "2025-06-12T15:41:31.000Z"
  }
},
{
  "_id": {
    "$oid": "68472445f4edaac75f736011"
  },
  "lesson_id": {
    "$oid": "684722abf4edaac75f735ffe"
  },
  "title": "Data Engineering with Python",
  "instructions": "Now sister pretty all minute. Find direction discuss anyone quickly low able. Behind pull coach either few run break.",
  "due_date": {
    "$date": "2025-06-19T03:07:48.000Z"
  }
},
{
  "_id": {
    "$oid": "68472445f4edaac75f736012"
  },
  "lesson_id": {
    "$oid": "684722abf4edaac75f735ffe"
  },
  "title": "Big Data Processing with Spark",
  "instructions": "Not responsibility ball cell nation. Attack evening consumer through position. And away identify difference world draw stay.",
  "due_date": {
    "$date": "2025-06-18T18:37:11.000Z"
  }
}]