[{
  "_id": {
    "$oid": "684722abf4edaac75f735fe6"
  },
  "course_id": {
    "$oid": "68471efef4edaac75f735fcb"
  },
  "title": "Billion experience watch anyone.",
  "content": "Care part third Mrs. Four time sound control become car. Professor almost yard truth husband stage focus writer.",
  "created_at": {
    "$date": "2025-06-09T19:06:35.186Z"
  }
},
{
  "_id": {
    "$oid": "684722abf4edaac75f735fe8"
  },
  "course_id": {
    "$oid": "68471f77f4edaac75f735fd3"
  },
  "title": "Start yard door officer avoid.",
  "content": "Building affect although tell hair together. Degree reality most pattern book we. Raise determine sure tree score. Course art hold standard.",
  "created_at": {
    "$date": "2025-06-09T19:06:35.186Z"
  }
},
{
  "_id": {
    "$oid": "684722abf4edaac75f735fe9"
  },
  "course_id": {
    "$oid": "68471f77f4edaac75f735fcf"
  },
  "title": "Well big door environment.",
  "content": "Perhaps only according all start. Easy maintain matter but son edge. Study television sound agree middle best.",
  "created_at": {
    "$date": "2025-06-09T19:06:35.186Z"
  }
},
{
  "_id": {
    "$oid": "684722abf4edaac75f735fea"
  },
  "course_id": {
    "$oid": "68471f77f4edaac75f735fd3"
  },
  "title": "Morning rise so.",
  "content": "Someone pretty dinner buy remember. Someone near spring similar technology something bar. Front civil beat act include cup back for.",
  "created_at": {
    "$date": "2025-06-09T19:06:35.186Z"
  }
},
{
  "_id": {
    "$oid": "684722abf4edaac75f735feb"
  },
  "course_id": {
    "$oid": "68471efef4edaac75f735fce"
  },
  "title": "Dinner whatever game feeling provide good.",
  "content": "Give generation be some present those through. Minute American vote special pretty. Condition its experience decide which return hot condition. Over price only responsibility. Per general tough eight Democrat speak feeling.",
  "created_at": {
    "$date": "2025-06-09T19:06:35.187Z"
  }
},
{
  "_id": {
    "$oid": "684722abf4edaac75f735fec"
  },
  "course_id": {
    "$oid": "68471f77f4edaac75f735fcf"
  },
  "title": "Join policy mind.",
  "content": "Collection build sense trial part without least case. Together forget think cover. Foreign month he left reflect impact building. Report international line local travel song. Single serve image exactly. Radio both environment treatment project than.",
  "created_at": {
    "$date": "2025-06-09T19:06:35.187Z"
  }
},
{
  "_id": {
    "$oid": "684722abf4edaac75f735fed"
  },
  "course_id": {
    "$oid": "68471efef4edaac75f735fc9"
  },
  "title": "Hot drop news no.",
  "content": "Term program around organization owner deal. Kid teach everybody position than official plan. Hear receive tell while. General live let raise. Animal feel loss coach Republican water.",
  "created_at": {
    "$date": "2025-06-09T19:06:35.187Z"
  }
},
{
  "_id": {
    "$oid": "684722abf4edaac75f735fee"
  },
  "course_id": {
    "$oid": "68471f77f4edaac75f735fd0"
  },
  "title": "Rule wish light.",
  "content": "Big cover treat seat yard young. Nice require note fine. Old task development soon. Against impact prepare serious.",
  "created_at": {
    "$date": "2025-06-09T19:06:35.187Z"
  }
},
{
  "_id": {
    "$oid": "684722abf4edaac75f735fef"
  },
  "course_id": {
    "$oid": "68471f77f4edaac75f735fd2"
  },
  "title": "Executive fire could.",
  "content": "Last side course west player. One suddenly wife west. Hit some any. Series life bit almost hospital. Religious choose require but green.",
  "created_at": {
    "$date": "2025-06-09T19:06:35.187Z"
  }
},
{
  "_id": {
    "$oid": "684722abf4edaac75f735ff0"
  },
  "course_id": {
    "$oid": "68471efef4edaac75f735fc8"
  },
  "title": "Magazine type truth individual them.",
  "content": "Friend pick if case unit. Region detail bar class bank public. Direction particular mouth bit. Consumer benefit partner not party would. Administration at record ahead leave conference art. Central deal partner spend.",
  "created_at": {
    "$date": "2025-06-09T19:06:35.187Z"
  }
},
{
  "_id": {
    "$oid": "684722abf4edaac75f735ff1"
  },
  "course_id": {
    "$oid": "68471f77f4edaac75f735fd4"
  },
  "title": "Rich clear its night letter.",
  "content": "Candidate boy everyone hot pattern three can. Education develop message interesting argue. From red research think. Attack top life.",
  "created_at": {
    "$date": "2025-06-09T19:06:35.187Z"
  }
},
{
  "_id": {
    "$oid": "684722abf4edaac75f735ff2"
  },
  "course_id": {
    "$oid": "68471f77f4edaac75f735fd4"
  },
  "title": "War position none place.",
  "content": "Skin do improve let society according. Seek could shoulder tree their. Between mind key fine. Hot finish trade expect. Local maintain use business mean skin. Against trade world final.",
  "created_at": {
    "$date": "2025-06-09T19:06:35.187Z"
  }
},
{
  "_id": {
    "$oid": "684722abf4edaac75f735ff3"
  },
  "course_id": {
    "$oid": "68471efef4edaac75f735fc9"
  },
  "title": "American other city though entire maintain.",
  "content": "Just meeting reflect truth enough animal. Report scene view trouble attack nearly. My both same year theory own use lot. Investment party change actually product fine sometimes. Line friend method daughter commercial life.",
  "created_at": {
    "$date": "2025-06-09T19:06:35.187Z"
  }
},
{
  "_id": {
    "$oid": "684722abf4edaac75f735ff4"
  },
  "course_id": {
    "$oid": "68471f77f4edaac75f735fcf"
  },
  "title": "Stuff enter specific toward page.",
  "content": "Than whatever during church. We subject whose each six low play. Pull discussion air degree follow. Create project medical example. Push series policy agree. Our wear chair total perform.",
  "created_at": {
    "$date": "2025-06-09T19:06:35.189Z"
  }
},
{
  "_id": {
    "$oid": "684722abf4edaac75f735ff5"
  },
  "course_id": {
    "$oid": "68471efef4edaac75f735fca"
  },
  "title": "Lose fall tonight.",
  "content": "Keep rest measure onto. Your wife project point the. Fear community civil collection ever face.",
  "created_at": {
    "$date": "2025-06-09T19:06:35.189Z"
  }
},
{
  "_id": {
    "$oid": "684722abf4edaac75f735ff6"
  },
  "course_id": {
    "$oid": "68471f77f4edaac75f735fd4"
  },
  "title": "Local stay today still go thing.",
  "content": "Close threat small job leg paper. However wait might act quite. Store rather provide design. Form line senior director. Team Republican young something. Western matter kind else.",
  "created_at": {
    "$date": "2025-06-09T19:06:35.189Z"
  }
},
{
  "_id": {
    "$oid": "684722abf4edaac75f735ff7"
  },
  "course_id": {
    "$oid": "68471f77f4edaac75f735fd2"
  },
  "title": "During according others most begin price.",
  "content": "If must leave it food million study. Professional do explain say. Plant TV television rich blue election.",
  "created_at": {
    "$date": "2025-06-09T19:06:35.189Z"
  }
},
{
  "_id": {
    "$oid": "684722abf4edaac75f735ff8"
  },
  "course_id": {
    "$oid": "68471f77f4edaac75f735fd1"
  },
  "title": "Budget today tough old laugh.",
  "content": "So team break prepare program forward. Issue picture as four. Senior end mean together prevent. Large however organization in someone if. Require image issue now. Article good suffer report tend the must.",
  "created_at": {
    "$date": "2025-06-09T19:06:35.189Z"
  }
},
{
  "_id": {
    "$oid": "684722abf4edaac75f735ff9"
  },
  "course_id": {
    "$oid": "68471f77f4edaac75f735fd2"
  },
  "title": "Avoid time personal office.",
  "content": "Billion visit be lot. Relate type reveal pay small bill. Decide write action join charge much here. Interview bed inside pass stop according determine. Main husband piece social us product.",
  "created_at": {
    "$date": "2025-06-09T19:06:35.189Z"
  }
},
{
  "_id": {
    "$oid": "684722abf4edaac75f735ffa"
  },
  "course_id": {
    "$oid": "68471f77f4edaac75f735fd0"
  },
  "title": "Cell night movement particularly power.",
  "content": "Responsibility onto increase size office tree week nor. Everything threat century film. Return hundred environment attack dream.",
  "created_at": {
    "$date": "2025-06-09T19:06:35.189Z"
  }
},
{
  "_id": {
    "$oid": "684722abf4edaac75f735ffb"
  },
  "course_id": {
    "$oid": "68471f77f4edaac75f735fd6"
  },
  "title": "Interest agent degree contain Mr avoid.",
  "content": "Interest what current save town. Including similar type also. Degree up likely financial. Risk general hard worker whole through check. Respond identify laugh from suffer.",
  "created_at": {
    "$date": "2025-06-09T19:06:35.189Z"
  }
},
{
  "_id": {
    "$oid": "684722abf4edaac75f735ffc"
  },
  "course_id": {
    "$oid": "68471efef4edaac75f735fcc"
  },
  "title": "Coach more place too sign.",
  "content": "Human have nearly especially financial leg. Nation manage at most. Assume remain drug indeed. Step candidate admit wall group.",
  "created_at": {
    "$date": "2025-06-09T19:06:35.190Z"
  }
},
{
  "_id": {
    "$oid": "684722abf4edaac75f735ffd"
  },
  "course_id": {
    "$oid": "68471efef4edaac75f735fc8"
  },
  "title": "Method cost movement commercial hundred job.",
  "content": "Down pull develop loss. Wide north never. Market security fight democratic return realize itself.",
  "created_at": {
    "$date": "2025-06-09T19:06:35.190Z"
  }
},
{
  "_id": {
    "$oid": "684722abf4edaac75f735ffe"
  },
  "course_id": {
    "$oid": "68471efef4edaac75f735fca"
  },
  "title": "Themselves public forward.",
  "content": "Place front nothing day. Citizen pass number thought central pull. Buy hit large phone choice like practice glass.",
  "created_at": {
    "$date": "2025-06-09T19:06:35.190Z"
  }
},
{
  "_id": {
    "$oid": "6847fb27f4edaac75f736022"
  },
  "course_id": {
    "$oid": "6847f9e8f4edaac75f736020"
  },
  "title": "Relational vs NoSQL Databases",
  "content": "Differences, use cases, and trade-offs.",
  "duration_minutes": 40,
  "created_at": {
    "$date": "2025-06-10T09:30:15.406Z"
  }
}]